 15 , Acoustic G10 Electric Guitar AMP , Electronics , 39.99 , 50.00 
 16 , AKG D8000M Dynamic Vocal Microphone , Electronics , 19.00 , 100.00 
 17 , Alienware Graphics Amplifier , Electronics , 159.99 , -   
 18 , Altec Ear Buds , Electronics , 8.99 , 100.00 
 19 , Altec Lansing Bluetooth Speakers , Electronics , 123.99 , 100.00 
 20 , Altec Lansing Mini H2O Bluetooth Speaker , Electronics , 19.00 , 100.00 
 21 , Altec Lansing Mini Life Jacket 2 Rugged Bluetooth Speaker , Electronics , 49.99 , 100.00 
 22 , Altec Lansing Omni Jacket Bluetooth Speaker , Electronics , 99.99 , 100.00 
 23 , Amazon Echo  , Electronics , 139.99 , 100.00 
 24 , Amazon Echo  , Electronics , 139.99 , 100.00 
 25 , Amazon Echo Dot 2nd Gen , Electronics , 39.99 , 100.00 
 26 , Amazon Fire TV Stick , Electronics , 29.99 , 100.00 
 27 , Amazon Fire TV Stick with Alexa Voice Remote , Electronics , 29.99 , 100.00 
 28 , APC Back-UPS  , Electronics , 54.99 , 100.00 
 29 , Apple TV Models , Electronics , 32.55 , 100.00 
 30 , Apple Watch Series 1 , Electronics , 198.00 , 67.00 
 31 , Apple Watch Series 2 , Electronics , 369.99 , 100.00 
 32 , Arlo by Netgeat Security Camera , Electronics , 99.00 , 100.00 
 33 , Arlo Wire-Free HD Security 4-Camera Kit , Electronics , 349.99 , 100.00 
 34 ," Assorted Duracell Batteries, 20 & 24 packs ", Electronics , 9.99 , 100.00 
 35 , Atomi Sound Hub USB Charging Station with Portable Bluetooth Speaker , Electronics , 37.99 , 100.00 
 36 , Beats Solo Wireless On-Ear Headphones , Electronics , 149.99 , 100.00 
 37 , Beats Solo2 Wireless Headphones , Electronics , 119.99 , 100.00 
 38 , Beats Solo3 Wireless On-Ear Headphones , Electronics , 224.99 , 100.00 
 39 , Beats Tour2 Earphones , Electronics , 64.99 , 100.00 
 40 , BEM Mojo Bluetooth Speaker and Charging Dock , Electronics , 19.99 , 100.00 
 41 , BEM Range Strum Wireless Bluetooth Speaker , Electronics , 39.99 , 1.00 
 42 , Billboard Electronics Speaker , Electronics , 15.00 , 100.00 
 43 , Black Series Entertainment Projector , Electronics , 39.99 , 100.00 
 44 , Blackstar ID:Core 40-Watt Amplifier , Electronics , 119.99 , 100.00 
 45 , BlackWeb Power Bank 9K , Electronics , 11.00 , 100.00 
 46 , Bluetooth Wireless Stereo Headset , Electronics , 5.00 , 100.00 
 47 , Bose SoundSport In-Ear Headphones , Electronics , 39.99 , 100.00 
 48 , Braven BRV-1 Bluetooth Speaker , Electronics , 39.00 , 100.00 
 49 , BriteLite iRocker XS3000 , Electronics , 79.99 , 100.00 
 50 , Bunker Hill Security 36 LED Solar Security Light , Electronics , 17.99 ," 8,900.00 "
 51 , Bunker Hill Security Wireless Security Alert System , Electronics , 9.99 , 100.00 
 52 ," Casio 61-key Keyboard with Sound EFX Sampler, Stand, Music Holder, Music Book and AC Power Adapter ", Electronics , 79.99 , 100.00 
 53 , Casio Trackformer Grove Center , Electronics , 99.99 , 100.00 
 54 , Chromecast 2 , Electronics , 25.00 , 100.00 
 55 , Circuit DJ Headphones , Electronics , 5.00 , 100.00 
 56 , Dell Bluetooth Portable Speaker , Electronics , 39.99 , 100.00 
 57 , Deltalab Ninja Clip-On Guitar Tuner , Electronics , 9.99 , 100.00 
 58 , Dream Vision Virtual Reality Headset , Electronics , 10.00 , 100.00 
 59 , Duracell Cables , Electronics , 10.00 , 4.00 
 60 , Duracell Cell Accessories , Electronics , 10.00 , 100.00 
 61 , Duracell Power Banks , Electronics , 10.00 , 100.00 
 62 , Duracell Quantum Batteries  , Electronics , 10.00 , 100.00 
 63 , Duracell Surge Protectors , Electronics , 10.00 , 100.00 
 64 , Edison Professional EP-1000 Mini Portable Bluetooth Speaker , Electronics , 99.99 , 100.00 
 65 , Edison Professional ST3000 Bluetooth Speaker , Electronics , 199.99 , 100.00 
 66 , EZViz 8 Channel 1080p HP IP NVR Security System , Electronics , 399.00 , 100.00 
 67 , Fire TV Stick with Alexa Voice Remote , Electronics , 29.99 , 100.00 
 68 , Fitbit Alta , Electronics , 99.99 , 100.00 
 69 , Fitbit Alta  , Electronics , 99.95 , 100.00 
 70 , Fitbit Alta  , Electronics , 99.00 , 100.00 
 71 , Fitbit Alta  , Electronics , 99.95 , 100.00 
 72 , Fitbit Alta Bundle , Electronics , 99.86 , 100.00 
 73 , Fitbit Alta Fitness Wristband , Electronics , 99.99 , 100.00 
 74 , Fitbit Alta Special Edition Gold in Pink , Electronics , 99.99 , 100.00 
 75 , Fitbit Blaze , Electronics , 149.99 , 100.00 
 76 , Fitbit Charge 2 , Electronics , 129.88 , 100.00 
 77 , Fitbit Charge 2 , Electronics , 129.99 , 100.00 
 78 , Fitbit Charge 2 , Electronics , 129.95 , 100.00 
 79 , Fitbit Charge 2 , Electronics , 129.00 , 100.00 
 80 , Fitbit Charge 2 , Electronics , 129.95 , 100.00 
 81 , Fitbit Charge 2 Heart Rate + Fitness Wristband , Electronics , 129.99 , 100.00 
 82 , Fitbit Charge HR with PurePulse Heart Rate Monitoring , Electronics , 89.95 , 100.00 
 83 , Fitbit Flex 2 , Electronics , 69.00 , 100.00 
 84 , Fuzzy Cat Ear Headphones , Electronics , 5.00 , 100.00 
 85 , Garmin Fenix 3 HR Titanium Bundle , Electronics , 499.98 , 100.00 
 86 , Garmin Fenix 3HR  , Electronics , 399.99 , 100.00 
 87 , Garmin Vivoactive HR , Electronics , 169.99 , 100.00 
 88 , Garmin Vivofit Jr Activity Trackers , Electronics , 49.99 , 100.00 
 89 , Garmin Vivogit Activity Tracker , Electronics , 29.99 , 467.00 
 90 , Garmin Vivosmart HR Activity Tracker , Electronics , 69.99 , 100.00 
 91 , Garmin VivoSmart HR Activity Tracker with BONUS Charger , Electronics , 99.99 , 100.00 
 92 , GE 6' HDMI Cable , Electronics , 6.50 , 100.00 
 93 , Gemini Bluetooth Loudspeaker Pack , Electronics , 149.99 , 100.00 
 94 , Gemini Mix2Go Pro Wireless DJ Sound System , Electronics , 199.99 , 100.00 
 95 , Gemini Wireless Dance Party Cube Speaker with Lights , Electronics , 34.99 , 100.00 
 96 , GizmoGadget , Electronics , 149.99 , 100.00 
 97 , GizmoPal  , Electronics , 79.99 , 100.00 
 98 , Google Chromecast , Electronics , 25.00 , 100.00 
 99 , Google Chromecast  , Electronics , 25.00 , 100.00 
 100 , Google Chromecast HDMI Streaming Media Player , Electronics , 25.00 , 100.00 
 101 , GPX Bluetooth Karoke Party Machine , Electronics , 49.99 , 100.00 
 102 , Hamido Grab Virtual Reality Headset , Electronics , 24.99 , 45.00 
 103 , Harman Kardon Onyx Mini Bluetooth Speaker , Electronics , 99.99 , 100.00 
 104 , Harman Kardon Onyx Mini Portable Bluetooth Speaker , Electronics , 99.99 , 100.00 
 105 , HMDS Jam Classic 2.0 Bluetooth Speaker , Electronics , 14.99 , 100.00 
 106 , Homido V2 Virtual Reality Headset , Electronics , 49.99 , 100.00 
 107 , Hum by Verizon , Electronics , 29.99 , 100.00 
 108 , iFrogz Plugz Earbuds , Electronics , 5.00 , 100.00 
 109 ," Innovative Technology 37"" Bluetooth Stereo Soundbar ", Electronics , 39.99 , 100.00 
 110 ," Innovative Technology 40"" Bluetooth Stereo Tower Speaker ", Electronics , 39.99 , 5.00 
 111 , Insignia 2.0-Ch Soundbar , Electronics , 47.99 , 100.00 
 112 , Insignia 6' HDMI Cable , Electronics , 9.99 , 100.00 
 113 , Insignia Bluetooth Speaker 2.0 , Electronics , 12.99 , 100.00 
 114 , Insignia Essentials Bundle for iPhone 7 , Electronics , 19.99 , 100.00 
 115 , Jabra Sport Wireless Earbuds , Electronics , 49.99 , 100.00 
 116 , JAM Double Down Wireless Bluetooth Speaker , Electronics , 24.99 , 100.00 
 117 , JBL 2pk Wireheadphones , Electronics , 19.87 , 100.00 
 118 , JBL GO Portable Bluetooth Speaker 2pk , Electronics , 29.87 , 100.00 
 119 , JBL Pulse 2 Splashproof Portable Bluetooth Speaker with Interactive Light Show , Electronics , 119.99 , 100.00 
 120 , JBL Xtreme Bluetooth Speaker , Electronics , 199.99 , 100.00 
 121 , JVC Power Bass Headphones , Electronics , 10.00 , 100.00 
 122 , Karoke Machine , Electronics , 49.00 , 100.00 
 123 , Klipsch R6i In-Ear Headphones with Mic , Electronics , 39.99 , 100.00 
 124 ," Klipsch Reference 12"" Powered Subwoofer ", Electronics , 224.99 , 100.00 
 125 ," Klipsch Reference Bookshelf Speakers, Pair ", Electronics , 124.99 , 100.00 
 126 ," Klipsch Reference Dual 6.5"" Floorstanding Speaker ", Electronics , 174.99 , 100.00 
 127 ," Klipsch Reference Dual 8"" Floorstanding Speaker ", Electronics , 224.99 , 100.00 
 128 , La Crosse Weather Station , Electronics , 19.98 , 100.00 
 129 , Laser Light , Electronics , 29.99 , 100.00 
 130 , Laxar S75 Jump Drive 128GB , Electronics , 19.99 , 6.00 
 131 , Lexar S75 Jump Drive 32GB , Electronics , 8.99 , 100.00 
 132 , LG 2.1-Ch Soundbar with Wireless Subwoofer , Electronics , 129.99 , 100.00 
 133 , LG 770 Tone Pro Bluetooth Headset , Electronics , 59.99 , 100.00 
 134 , LG Tone Pro HBS-760 Bluetooth Wireless Stereo Head Set , Electronics , 32.99 , 100.00 
 135 , LG Tone Pro Wireless Bluetooth Headset , Electronics , 29.00 , 100.00 
 136 , Linksys AC2400 Router , Electronics , 79.98 , 100.00 
 137 , Logitech Harmony 700 Remote , Electronics , 49.99 , 100.00 
 138 , Lorex 8-Channel/8-Camera 3MP Security System with 2TB HDD NVR , Electronics , 699.99 , 100.00 
 139 ," Master Electrician Extension Cord, 20ft 16/3  ", Electronics , 6.99 , 100.00 
 140 ," Master Electrician Power Strip, 6 Outlet ", Electronics , 2.99 , 100.00 
 141 , Microsoft Office 365 Home Premium , Electronics , 99.99 , 100.00 
 142 , Microsoft Office Home & Student 2016 , Electronics , 99.99 , 100.00 
 143 , Mini Lifejacket Bluetooth Speaker , Electronics , 49.99 , 100.00 
 144 , Monster Nomad Bluetooth Speaker , Electronics , 49.88 , 100.00 
 145 , Mophie Juice Pack Pro , Electronics , 9.99 , 100.00 
 146 , Mophie Powerstation XL , Electronics , 34.99 , 100.00 
 147 ," Motorola Digital Video Monitor with 4.3"" Screen and Two Cameras ", Electronics , 129.99 , 100.00 
 148 , Nest 3rd Gen Learning Thermostat , Electronics , 199.00 , 100.00 
 149 , Nest 3rd Generation Learning Thermostat , Electronics , 199.00 , 4.00 
 150 , Nest 3rd Generation Learning Thermostat , Electronics , 199.00 , 100.00 
 151 , Nest Cam , Electronics , 149.00 , 100.00 
 152 , Nest Cam Indoor , Electronics , 149.00 , 100.00 
 153 , Nest Cam Indoor Security Camera , Electronics , 149.99 , 100.00 
 154 , Nest Cam Indoor Security Camera , Electronics , 149.99 , 100.00 
 155 , Nest Cam Security Camera , Electronics , 149.99 , 100.00 
 156 , Nest Learning Thermostat , Electronics , 199.99 , 100.00 
 157 , Nest Security Cameras , Electronics , 149.00 , 6.00 
 158 , Nest Thermostat (3rd Generation) , Electronics , 199.99 , 100.00 
 159 , Netgear AC1750 Smart Router , Electronics , 89.00 , 100.00 
 160 , Netgear Nighthawk AC1900 Router , Electronics , 119.99 , 100.00 
 161 , Netgear Nighthawk AC5300 Tri-Band Router , Electronics , 279.99 , 100.00 
 162 , Night Owl 8-Channel 8-Camera 1080p Security System with 2TB HDD DVR , Electronics , 349.99 , 100.00 
 163 , Night Owl HD Security Camera , Electronics , 194.00 , 100.00 
 164 , North Virtual Reality Headset , Electronics , 9.99 , 100.00 
 165 , Nyne Bass Portable Bluetooth Speaker , Electronics , 69.99 , 100.00 
 166 , ONN Lightning Cable , Electronics , 4.00 , 100.00 
 167 , ONN MicroUSB Cable , Electronics , 2.00 , 100.00 
 168 , Philips Bluetooth Noise-Cancelling Headphones , Electronics , 49.00 , 100.00 
 169 , Philips Earbuds , Electronics , 6.00 , 100.00 
 170 , Philips Hue A19 Starter Kit 2nd Generation , Electronics , 119.99 , 667.00 
 171 , Pioneer Bluetooth Digital Media Receiver , Electronics , 39.99 , 100.00 
 172 , Pioneer DJ Performance Pack , Electronics , 399.99 , 100.00 
 173 , Plasma Ball Speaker , Electronics , 5.00 , 100.00 
 174 , PNY 16GB MicroSD Class 4 Flash Memory Card , Electronics , 9.99 , 100.00 
 175 , Pocket Juice 20K  , Electronics , 15.00 , 100.00 
 176 , Portable 2600 mAh Power Charger , Electronics , 5.99 , 100.00 
 177 , Powerbeats Wireless Earphones , Electronics , 89.99 , 100.00 
 178 , Powerbeats Wireless In-Ear Headphones , Electronics , 89.99 , 100.00 
 179 , ProForm 2.6 CHP Motor Treadmill , Electronics , 399.00 , 100.00 
 180 , Q-See 16-Channel/8-Camera 720p Security System with 2TB HDD DVR , Electronics , 299.99 , 100.00 
 181 , Rayovac 24pk Alkaline Batteries; AA or AAA , Electronics , 4.99 , 100.00 
 182 ," RCA 37"" Soundbar  ", Electronics , 29.00 , 100.00 
 183 , Retro Microphone Speaker , Electronics , 5.00 , 100.00 
 184 , Ring HD Video Doorbell , Electronics , 124.99 , 100.00 
 185 , Rocketfish Connect and Protect kit , Electronics , 29.99 , 100.00 
 186 , Roku 2 Digital HD Streaming Media Player , Electronics , 44.99 , 100.00 
 187 , Roku 3 Streaming Player , Electronics , 49.99 , 100.00 
 188 , Roku Express Plus , Electronics , 25.00 , 100.00 
 189 , Roku Streaming Stick , Electronics , 34.99 , 100.00 
 190 ," Royal 2500mAh Portable Power Bank, 3pk ", Electronics , 14.99 , 100.00 
 191 , Royal Cross-Cut Shredder  , Electronics , 99.99 , 100.00 
 192 , Samsung 128GB EVO+ , Electronics , 36.99 , 100.00 
 193 , Samsung 128GB MicroSD Card , Electronics , 24.88 , 100.00 
 194 , Samsung 2.1 Channel Bluetooth Soundbar with Subwoofer , Electronics , 84.99 , 100.00 
 195 , Samsung 2.1 Curved Sound Bar with Wireless Subwoofer , Electronics , 219.99 , 100.00 
 196 , Samsung 2.1 Sound Bar with Wireless Subwoofer , Electronics , 119.99 , 100.00 
 197 , Samsung 2.1-ch Soundbar with Wireless Active Subwoofer , Electronics , 147.99 , 100.00 
 198 , Samsung 2.2 Channel Sound Bar with Wireless Bluetooth , Electronics , 79.99 , 100.00 
 199 , Samsung 2D Built-In Wi-Fi Blu-Ray Player , Electronics , 49.99 , 100.00 
 200 , Samsung 32GB EVO+ , Electronics , 9.99 , 100.00 
 201 , Samsung 4K Upscaling Blu-Ray Disc Player , Electronics , 79.00 , 100.00 
 202 , Samsung 64GB EVO+  , Electronics , 19.99 , 100.00 
 203 ," Samsung Active Wired Headphones, 2pk ", Electronics , 19.99 , 100.00 
 204 , Samsung Bluetooth Headset , Electronics , 10.00 , 100.00 
 205 , Samsung Fast Charging Wireless Charging Stand , Electronics , 40.00 , 100.00 
 206 , Samsung Gear Fit2 , Electronics , 149.99 , 5.00 
 207 , Samsung Gear S2 Smart Watch , Electronics , 229.99 , 100.00 
 208 , Samsung Gear S3  , Electronics , 299.99 , 100.00 
 209 , Samsung Gear VR  , Electronics , 119.99 , 100.00 
 210 ," Samsung Level U Bluetooth Headphones, 2pk ", Electronics , 49.99 , 100.00 
 211 , Samsung Level U Wireless Headphones , Electronics , 29.99 , 100.00 
 212 , Samsung MX-HS7000 2300W Giga Sound System , Electronics , 399.99 , 100.00 
 213 , Samsung Radiant 360 Bluetooth Multi-Room Speaker , Electronics , 79.99 , 100.00 
 214 , SanDisk 32GB Class 4 microSD Card , Electronics , 7.00 , 100.00 
 215 , SanDisk 32GB Extreme Plus SDHC , Electronics , 14.99 , 100.00 
 216 , SanDisk 32GB ultra Plush MicroSDHC  , Electronics , 9.99 , 100.00 
 217 , SanDisk 64GB Class 10 microSD Card , Electronics , 14.00 , 100.00 
 218 , SanDisk 64GB Extreme Plus Micro SDXC , Electronics , 24.99 , 100.00 
 219 , Sanyo Blu-Ray Disc Player , Electronics , 39.00 , 100.00 
 220 , Selfie Stick , Electronics , 1.99 , 100.00 
 221 , Sennheiser E835 Vocal Microphones , Electronics , 79.95 , 100.00 
 222 , Sennheiser E935 Vocal Microphones , Electronics , 79.95 , 100.00 
 223 , Sentry Cloth Cord Ear Buds , Electronics , 79.95 , 100.00 
 224 ," Sharp 55"" 2.1 Slim Soundbar ", Electronics , 198.88 , 100.00 
 225 , Sharper Image 6 Port USB Charging Station , Electronics , 19.99 , 100.00 
 226 , Sharper Image Sound Machine , Electronics , 19.99 , 100.00 
 227 , Singing Machine AGUA Dancing Water Karoke Machine CD+G , Electronics , 59.99 , 100.00 
 228 , Singing Machine Remix Digital Karoke System with LED lights , Electronics , 49.99 , 100.00 
 229 , Skullcandy Grind Wireless Headphones , Electronics , 49.99 , 100.00 
 230 , Skullcandy Hesh 2 Wireless Around Ear Headphones , Electronics , 49.99 , 100.00 
 231 , Skullcandy Hesh 2.0 Wireless Headphones , Electronics , 49.99 , 100.00 
 232 , Skullcandy Ink'd Uproar Headphones , Electronics , 24.99 , 100.00 
 233 , Skullcandy Ink'd Wireless Headphones , Electronics , 24.99 , 100.00 
 234 , Skullcandy Uproar Bluetooth Headphones , Electronics , 25.00 , 100.00 
 235 , Skullcandy Uproar Wireless Bluetooth Headphones , Electronics , 24.99 , 100.00 
 236 , Smart Watch , Electronics , 15.00 , 100.00 
 237 , Sonos Play 1 , Electronics , 149.99 , 100.00 
 238 , Sonos Play:1 Compact Wireless Speaker , Electronics , 149.99 , 89.00 
 239 , Sony 2.1-Ch Soundbar with Wireless Subwoofer , Electronics , 199.99 , 100.00 
 240 , Sony 2D Wi-Fi Blu-Ray Player , Electronics , 49.99 , 100.00 
 241 , Sony SRSXB2 Bluetooth Speaker , Electronics , 49.99 , 100.00 
 242 , Sony Wireless Headphones , Electronics , 78.00 , 100.00 
 243 , Sony XB950BT Series Wireless Around Ear Headphones , Electronics , 89.99 , 100.00 
 244 , Sony ZX310 Series Headphones , Electronics , 19.99 , 100.00 
 245 , Star Laser Light , Electronics , 49.99 , 100.00 
 246 , Star Shower Laser Light Projector , Electronics , 39.99 , 100.00 
 247 , Star Shower Magic Motion Laser Light , Electronics , 44.99 , 100.00 
 248 , Star Shower Motion , Electronics , 49.99 , 100.00 
 249 , Star Shower Motion Laser Light , Electronics , 49.99 , 63.00 
 250 , Startastic Motion Laser , Electronics , 39.99 , 100.00 
 251 , Sterling Audio Powered Desktop Monitors , Electronics , 69.99 , 100.00 
 252 ," Summer Infant 5"" Side-by-Side Split Screen Video Baby Monitor with 2 Cameras ", Electronics , 179.99 , 100.00 
 253 , Swann 8x8 Video Surveillance Kit , Electronics , 229.99 , 100.00 
 254 , Sylvania Hi-Fi Speaker , Electronics , 15.00 , 100.00 
 255 , Tascam TH200X Studio Headphones , Electronics , 19.00 , 100.00 
 256 , The Singing Machine Bluetooth Karoke System with Disco Lights , Electronics , 69.99 , 100.00 
 257 ," Tilting Flat Panel TV Mount - Fits Flat Screens 37"" - 70"" ", Electronics , 14.99 , 100.00 
 258 , TracR Bravo Bluetooth Tracker , Electronics , 19.99 , 100.00 
 259 ," Triple Tap Extension Cord, 8ft 16/3 ", Electronics , 4.99 , 100.00 
 260 , Turtle Beach Universal Headset Recon 50P  , Electronics , 25.00 , 40.00 
 261 , Tzumi Dream Vision Virtual Reality Goggles with Earbuds , Electronics , 9.99 , 100.00 
 262 , UE Boom 2 Bluetooth Speaker , Electronics , 129.99 , 100.00 
 263 , UE Boom2 Urban Explorer , Electronics , 99.99 , 100.00 
 264 , Uniden Dash Camera , Electronics , 39.99 , 100.00 
 265 , urBeats Earphones , Electronics , 49.99 , 3.00 
 266 , Victrola 3-Speed Suitcase Turntable with Built-In Stereo Speakers , Electronics , 29.99 , 100.00 
 267 , Victrola 3-Speed Vintage Bluetooth Turntable , Electronics , 39.99 , 100.00 
 268 , Victrola 8-in-1 Bluetooth Wooden Music Center , Electronics , 129.99 , 100.00 
 269 , Virtual Reality Headsets , Electronics , 9.99 , 100.00 
 270 , Vivofit 3 with Garmin Move IQ , Electronics , 59.99 , 4.00 
 271 , Vivofit Jr Kids ACtivity Tracker , Electronics , 49.99 , 100.00 
 272 , Vivosmart HR+ GPS Activity Tracker , Electronics , 119.99 , 100.00 
 273 ," Vizio 38"" 2.1 SmartCast Sound Bar with Wireless Subwoofer ", Electronics , 119.88 , 100.00 
 274 ," Vizio 38"" 5.1 Soundbar with Wireless Subwoofer  ", Electronics , 149.00 , 22.00 
 275 ," Vizio 48"" 2.0 Home Theater Sound Bar ", Electronics , 69.99 , 100.00 
 276 ," Vizio Smartcast 38"" 5.1 Sound Bar System ", Electronics , 179.99 , 100.00 
 277 , Vizio Wireless Sound Bar , Electronics , 139.99 , 100.00 
 278 , VTech DECT 6.0 4-Handset Cordless Phone with Digital Answering Machine , Electronics , 39.99 , 100.00 
